Brand Name,
Nike,
Under Armour,
New Balance,
Brooks,
Hoka,
Saucony,
Skechers,
Converse,
Vans,
TOMS,
Keds,
Cole Haan,
Stuart Weitzman,
Johnston & Murphy,
Merrell,
Keen,
Timberland,
Wolverine,
Red Wing Shoes,
Allbirds,
Rothy’s,
Sanuk,
adidas,
klasified,
Aravon,
PUMA,
camper,
desconocido,
ASICS,
FRYE,
Clarks,
Lico,
Bloch,
Dockers,
Andrea,
Head,
ECCO,
dan post,
OshKosh B'Gosh,
Zoe and Zac,
Alicegana,
Vasque,
Mizuno,
Reebok,
Geox,
Superfit,
DKNY,
mammut ducan,
PEARL IZUMI,
salomon,
Wrezatro,
kenneth cole,
Reef,
Ladeheid,
Sperry ,
VenusCelia,
CALTO,
GIOSEPPO,
KangaROOS,
Capezio,
Columbia,
Dunham,
Gabor,
bugatti,
Florsheim,
Berkemann,
ETERNITY,
Seavees,
Minnetonka,
Blondo,
Chaco,
Rockport,
Diesel,
RYKA,
PDBQ,
ALLY UNION,
Propet,
SWIMS,
SAS,
konhill,
CALL IT SPRING,
aldo,
K-Swiss,
Lloyd,
Naturalizer,
Hush Puppies,
Feversole,
Crocs,
Calvin Klein,
LifeStride,
Allen Edmonds,
Coolway,
Beck,
British Knights,
Timberland,
Spring Step,
Linodes,
Spenco,
Diadora,
Circus,
Bandolino,
Dolce Vita,
CUSHIONAIRE,
Joie,
bebe,
Ariat,
Xelero,
Lethato,
Nautica,
Teva,
Blowfish,
Dirty Laundry,
Nur Die,
Umbale,
The Children's Place.,
Donald J Pliner,
MSMAX,
Panama Jack,
SOUL Naturalizer,
Dr. Martens,
SHIMANO,
Bisgaard,
Supra,
Joomra,
Cambridge Select,
Living Kitzbühel,
UGG,
Stacy Adams,
FootJoy,
Franco Sarto,
Zoneyue,
GANT,
Allonsi,
Dearfoams,
KUBUA,
Palladium,
Champion,
Rocket Dog,
DC,
Sorel,
Harley-Davidson,
Kamik,
Osiris,
ANNE KLEIN,
HÖGL,
Very Fine,
PodoWell,
ISOTONER,
Gola,
RomenSi,
La Sportiva,
Aerosoles,
STQ,
Billabong,
Helly Hansen,
FILA,
HUMTTO,
victoria,
JENN ARDOR,
Levi's,
ZGR,
RF ROOM OF FASHION,
Dansko,
Creative Recreation.,
CMP – F.lli Campagnolo,
Vizari,
Etnies,
Musse & Cloud,
Lucky Brand,
APEX LEGENDS,
Steve Madden,
JARLIF,
Trotters,
VAMJAM,
Kempa,
Speed TR,Reebaok
Bearpaw,
CLEECLI,
Gentle Souls,
Black Diamond,
Body Glove,
DR. Comfort,
Roxy,
MEBIKE,
Soto Boots,
Jack Wolfskin,
Superga,
Stride Rite,
Easy Spirit,
Rider,
CAPRICE,
BZees,
Callaway,
Irish Setter,
Jambu,
Fergie,
Puremotion,Adidas
Kappa,
WHITE MOUNTAIN,
ZAKEY,
ROPER,
SAGUARO,
Zanzara,
Sidi,
Yellow Box,
